{"DMRG_overlap": [0.04161442329605371, 0.02742935751144014, 0.01901426045353251, 0.03942334863386234, 0.07544633079617674, 0.5706596584378995, 0.07668483207897506, 0.010228659743689495, 0.3870157443512015, 0.12597247997949026, 0.5077202638366374, 0.3211251763247184, 0.09399833092012419, 0.07951948248020631, 0.0561150264408293, 0.33983482029182566, 0.48990983787135617, 0.7366512167711703, 0.34250073570210043, 0.7786983227878121, 0.5849803483820221], "DMRG_energy": [-1.6502704082146624, -0.07649919755738496, -8.775824707090212, -1.6280684082407844, -12.551031586219718, -13.652497304947847, -8.40252639627431, -10.796235875014007, -14.594200111878711, -12.748366051890706, -14.610680737548462, -13.977159695364406, -13.48131207302239, -14.774822752511392, -14.3045997904661, -17.421715127365648, -17.480295949869355, -17.88571613789845, -17.99999999021395, -17.999999953148, -17.999999995361193], "bond_dims": [2, 5, 8, 11, 14, 17, 20, 23, 26, 29, 32, 35, 38, 41, 44, 47, 50, 53, 56, 59, 62]}